,Name,Position,Rank,Total Goals,Open Play Goals,Goals with right foot,Goals with left foot,Headed goals,Appearances,Open Play Goals/Game
0,Sadio Mané,Forward,1,74,74,44,20,10,164,0.45121951219512196
1,Jamie Vardy,Forward,2,85,67,52,22,11,142,0.47183098591549294
2,Mohamed Salah,Forward,3,73,66,11,58,4,108,0.6111111111111112
3,Sergio Agüero,Forward,4,65,53,46,7,12,86,0.6162790697674418
4,Harry Kane,Forward,5,55,47,32,15,7,75,0.6266666666666667
5,Eden Hazard,Forward,6,48,40,35,13,0,138,0.2898550724637681
6,Romelu Lukaku,Forward,7,41,39,9,23,9,71,0.5492957746478874
7,Son Heung-Min,Forward,7,39,39,20,16,3,126,0.30952380952380953
8,Chris Wood,Forward,9,34,33,12,8,14,94,0.35106382978723405
9,Roberto Firmino,Forward,9,34,33,19,8,7,106,0.3113207547169811
10,Anthony Martial,Forward,11,32,32,21,8,3,88,0.36363636363636365
11,Alexis Sánchez,Forward,11,37,32,27,5,5,68,0.47058823529411764
12,Diego Costa,Forward,11,32,32,22,8,2,63,0.5079365079365079
13,Wilfried Zaha,Forward,11,32,32,24,7,1,170,0.18823529411764706
14,Kevin De Bruyne,Midfielder,15,36,31,27,9,0,152,0.20394736842105263
15,Riyad Mahrez,Forward,16,36,29,7,28,1,132,0.2196969696969697
16,Jermain Defoe,Forward,17,34,28,26,8,0,98,0.2857142857142857
17,Pierre-Emerick Aubameyang,Forward,18,32,27,27,5,0,49,0.5510204081632653
18,Gabriel Jesus,Forward,19,28,26,14,9,5,73,0.3561643835616438
19,Georginio Wijnaldum,Midfielder,20,25,24,16,1,8,179,0.1340782122905028
20,Salomón Rondón,Forward,20,26,24,9,8,8,106,0.22641509433962265
21,Callum Wilson,Forward,22,28,23,16,5,6,85,0.27058823529411763
22,Ashley Barnes,Forward,22,27,23,20,4,3,101,0.22772277227722773
23,Alexandre Lacazette,Forward,24,24,22,18,3,3,62,0.3548387096774194
24,Troy Deeney,Forward,24,32,22,23,1,8,107,0.205607476635514
25,Danny Ings,Forward,26,23,21,13,9,0,46,0.45652173913043476
26,Pedro,Forward,26,21,21,10,9,2,97,0.21649484536082475
27,Tammy Abraham,Forward,28,20,19,16,0,3,65,0.2923076923076923
28,Divock Origi,Forward,28,19,19,11,2,6,91,0.2087912087912088
29,Dominic Calvert-Lewin,Forward,30,17,17,7,4,6,68,0.25
30,Wayne Rooney,Forward,30,23,17,17,3,3,84,0.20238095238095238
31,Richarlison,Forward,30,18,17,5,7,5,74,0.22972972972972974
32,Theo Walcott,Forward,30,17,17,14,1,2,90,0.18888888888888888
33,Diogo Jota,Forward,34,16,16,8,8,0,67,0.23880597014925373
34,Gerard Deulofeu,Forward,34,17,16,14,3,0,102,0.1568627450980392
35,Jordan Ayew,Forward,34,17,16,13,2,2,87,0.1839080459770115
36,Christian Benteke,Forward,34,19,16,7,2,10,83,0.1927710843373494
37,Álvaro Morata,Forward,34,16,16,6,3,7,47,0.3404255319148936
38,Zlatan Ibrahimovic,Forward,39,17,15,11,2,4,33,0.45454545454545453
39,David Silva,Midfielder,39,17,15,2,15,0,80,0.1875
40,Chicharito,Forward,39,16,15,8,3,4,56,0.26785714285714285
41,Marko Arnautovic,Forward,39,16,15,11,4,1,60,0.25
42,Lucas Moura,Forward,43,14,14,10,2,2,73,0.1917808219178082
43,Marcus Rashford,Forward,43,15,14,13,1,1,44,0.3181818181818182
44,Juan Mata,Midfielder,43,18,14,3,15,0,113,0.12389380530973451
45,Shinji Okazaki,Forward,43,14,14,9,3,2,114,0.12280701754385964
46,Junior Stanislas,Midfielder,43,20,14,17,2,1,99,0.1414141414141414
47,Adam Lallana,Midfielder,48,13,13,5,7,1,101,0.12871287128712872
48,Xherdan Shaqiri,Midfielder,48,16,13,2,13,1,91,0.14285714285714285
49,Philippe Coutinho,Midfielder,48,15,13,13,1,1,40,0.325
50,Nathan Redmond,Midfielder,48,14,13,10,2,1,106,0.12264150943396226
51,Roberto Pereyra,Midfielder,48,13,13,11,2,0,78,0.16666666666666666
52,Erik Lamela,Midfielder,48,13,13,1,11,1,103,0.1262135922330097
53,Raheem Sterling,Forward,48,13,13,9,3,1,64,0.203125
54,Jesse Lingard,Midfielder,48,14,13,12,1,1,107,0.12149532710280374
55,Dwight Gayle,Forward,56,13,12,9,3,1,71,0.16901408450704225
56,Aaron Ramsey,Midfielder,56,12,12,11,1,0,55,0.21818181818181817
57,Willian,Forward,56,18,12,17,0,1,104,0.11538461538461539
58,Ryan Fraser,Midfielder,56,12,12,9,3,0,64,0.1875
59,Graziano Pellè,Forward,60,11,11,5,1,5,30,0.36666666666666664
60,Kelechi Iheanacho,Forward,60,12,11,1,8,2,77,0.14285714285714285
61,Christian Eriksen,Midfielder,60,14,11,10,4,0,70,0.15714285714285714
62,Mame Biram Diouf,Forward,60,11,11,2,3,6,61,0.18032786885245902
63,Manuel Lanzini,Midfielder,60,11,11,8,3,0,77,0.14285714285714285
64,Sam Vokes,Forward,60,13,11,7,1,5,57,0.19298245614035087
65,Aleksandar Mitrovic,Forward,60,12,11,5,1,6,43,0.2558139534883721
66,Raúl Jiménez,Forward,60,13,11,9,1,3,38,0.2894736842105263
67,Ross Barkley,Midfielder,68,13,10,10,2,1,76,0.13157894736842105
68,Benik Afobe,Forward,68,10,10,4,3,3,46,0.21739130434782608
69,Abdoulaye Doucouré,Midfielder,68,11,10,9,1,0,74,0.13513513513513514
70,Andros Townsend,Midfielder,68,10,10,3,7,0,98,0.10204081632653061
71,Olivier Giroud,Forward,68,10,10,2,6,2,45,0.2222222222222222
72,Glenn Murray,Forward,68,14,10,11,1,2,61,0.16393442622950818
73,Cenk Tosun,Forward,68,10,10,3,2,5,49,0.20408163265306123
74,Lys Mousset,Forward,75,9,9,6,2,1,88,0.10227272727272728
75,Michail Antonio,Forward,75,9,9,5,1,3,54,0.16666666666666666
76,Leroy Sané,Midfielder,75,10,9,1,8,0,31,0.2903225806451613
77,Pascal Groß,Midfielder,75,12,9,9,1,2,92,0.09782608695652174
78,Henrikh Mkhitaryan,Midfielder,75,9,9,5,3,1,54,0.16666666666666666
79,Joshua King,Forward,75,14,9,12,2,0,59,0.15254237288135594
80,James Morrison,Midfielder,75,9,9,5,2,2,53,0.16981132075471697
81,Neal Maupay,Forward,75,10,9,2,5,3,37,0.24324324324324326
82,Kevin Mirallas,Midfielder,83,8,8,6,2,0,58,0.13793103448275862
83,Danny Welbeck,Forward,83,8,8,3,3,2,54,0.14814814814814814
84,James McArthur,Midfielder,83,8,8,3,4,1,71,0.11267605633802817
85,Dan Gosling,Midfielder,83,8,8,6,1,1,86,0.09302325581395349
86,Charlie Austin,Forward,83,9,8,5,0,4,49,0.16326530612244897
87,Mark Noble,Midfielder,83,19,8,18,1,0,127,0.06299212598425197
88,Yannick Bolasie,Forward,89,17,7,3,2,2,161,0.043478260869565216
89,Matt Ritchie,Midfielder,89,7,7,1,5,1,72,0.09722222222222222
90,Dieudonne Mbokani Bezua,Forward,89,7,7,5,1,1,41,0.17073170731707318
91,Cesc Fàbregas,Midfielder,89,7,7,5,2,0,67,0.1044776119402985
92,Leroy Fer,Midfielder,89,7,7,1,5,1,65,0.1076923076923077
93,Connor Wickham,Forward,89,8,7,4,4,0,35,0.2
94,Victor Wanyama,Midfielder,89,7,7,3,1,3,99,0.0707070707070707
95,David Brooks,Midfielder,89,7,7,0,6,1,30,0.23333333333333334
96,Álvaro Negredo,Forward,89,9,7,0,8,1,36,0.19444444444444445
97,Fernandinho,Midfielder,89,7,7,5,2,0,67,0.1044776119402985
98,Andriy Yarmolenko,Forward,89,7,7,0,7,0,32,0.21875
99,Sébastien Haller,Forward,89,7,7,5,2,0,32,0.21875
100,Andre Gray,Forward,101,9,6,6,3,0,32,0.1875
101,Michy Batshuayi,Forward,101,6,6,5,1,0,27,0.2222222222222222
102,Oliver McBurnie,Forward,101,6,6,4,0,2,52,0.11538461538461539
103,Laurent Depoitre,Forward,101,6,6,3,1,2,56,0.10714285714285714
104,Wilfred Ndidi,Midfielder,101,6,6,4,1,1,120,0.05
105,Aaron Lennon,Midfielder,101,6,6,5,1,0,81,0.07407407407407407
106,Cheikhou Kouyaté,Midfielder,101,7,6,3,0,3,98,0.061224489795918366
107,Steve Mounie,Forward,101,7,6,2,1,3,28,0.21428571428571427
108,Jonjo Shelvey,Midfielder,101,8,6,6,1,1,87,0.06896551724137931
109,Sam Clucas,Midfielder,101,6,6,1,5,0,66,0.09090909090909091
110,Mason Mount,Midfielder,101,7,6,7,0,0,37,0.16216216216216217
111,Youri Tielemans,Midfielder,101,6,6,3,2,1,50,0.12
112,Islam Slimani,Forward,101,7,6,2,0,5,23,0.2608695652173913
113,Ashley Westwood,Midfielder,101,6,6,6,0,0,129,0.046511627906976744
114,Todd Cantwell,Midfielder,101,6,6,5,1,0,37,0.16216216216216217
115,Trézéguet,Midfielder,101,6,6,5,1,0,34,0.17647058823529413
116,Bojan,Forward,101,10,6,7,2,1,36,0.16666666666666666
117,Peter Crouch,Forward,101,7,6,3,0,3,44,0.13636363636363635
118,Paul Pogba,Midfielder,101,6,6,3,1,2,46,0.13043478260869565
119,Marc Albrighton,Midfielder,101,6,6,3,1,2,99,0.06060606060606061
120,Leander Dendoncker,Midfielder,101,6,6,3,2,1,57,0.10526315789473684
121,Bernardo Silva,Midfielder,101,6,6,1,5,0,35,0.17142857142857143
122,Fabio Borini,Forward,101,7,6,6,1,0,50,0.12
123,André Schürrle,Midfielder,101,6,6,6,0,0,24,0.25
124,Ayoze Pérez,Forward,101,6,6,5,1,0,34,0.17647058823529413
125,Granit Xhaka,Midfielder,126,7,5,0,7,0,92,0.05434782608695652
126,Leandro Trossard,Forward,126,5,5,3,2,0,31,0.16129032258064516
127,Mesut Özil,Midfielder,126,5,5,0,5,0,24,0.20833333333333334
128,Ismaila Sarr,Forward,126,5,5,5,0,0,28,0.17857142857142858
129,Marouane Fellaini,Midfielder,126,5,5,3,0,2,48,0.10416666666666667
130,Hal Robson-Kanu,Forward,126,5,5,2,2,1,50,0.1
131,Phil Foden,Midfielder,126,5,5,1,4,0,23,0.21739130434782608
132,Dwight McNeil,Midfielder,126,5,5,0,5,0,59,0.0847457627118644
133,Jonathan Walters,Forward,126,5,5,4,0,1,30,0.16666666666666666
134,Dele Alli,Midfielder,126,5,5,1,0,4,25,0.2
135,John Lundstram,Midfielder,126,5,5,4,1,0,34,0.14705882352941177
136,Eric Dier,Midfielder,126,5,5,3,0,2,126,0.03968253968253968
137,Jeff Hendrick,Midfielder,126,5,5,3,1,1,64,0.078125
138,Jay Rodriguez,Forward,126,5,5,4,1,0,36,0.1388888888888889
139,James Milner,Midfielder,126,12,5,10,2,0,81,0.06172839506172839
140,Rudy Gestede,Forward,126,5,5,1,1,3,32,0.15625
141,Stuart Armstrong,Midfielder,126,5,5,3,2,0,30,0.16666666666666666
142,Aaron Mooy,Midfielder,126,6,5,3,3,0,67,0.07462686567164178
143,Bafétimbi Gomis,Forward,126,6,5,5,1,0,33,0.15151515151515152
144,Alex Iwobi,Forward,126,5,5,5,0,0,48,0.10416666666666667
145,Alex Oxlade-Chamberlain,Midfielder,126,5,5,4,1,0,66,0.07575757575757576
146,Wesley,Forward,126,5,5,5,0,0,21,0.23809523809523808
147,Arouna Koné,Forward,126,5,5,2,2,1,31,0.16129032258064516
148,Wayne Routledge,Midfielder,126,5,5,4,0,1,55,0.09090909090909091
149,James Ward-Prowse,Midfielder,150,8,4,7,1,0,68,0.058823529411764705
150,Scott McTominay,Midfielder,150,4,4,3,1,0,42,0.09523809523809523
151,Nicolas Pépé,Forward,150,5,4,0,5,0,31,0.12903225806451613
152,Mousa Dembélé,Midfielder,150,4,4,1,3,0,97,0.041237113402061855
153,Nemanja Matic,Midfielder,150,4,4,1,3,0,125,0.032
154,Victor Moses,Midfielder,150,4,4,4,0,0,57,0.07017543859649122
155,Callum Paterson,Forward,150,4,4,2,1,1,27,0.14814814814814814
156,Víctor Camarasa,Midfielder,150,5,4,5,0,0,33,0.12121212121212122
157,Steven Fletcher,Forward,150,4,4,0,2,2,16,0.25
158,Dominic Solanke,Forward,150,4,4,3,0,1,63,0.06349206349206349
159,Pierre-Emile Højbjerg,Midfielder,150,4,4,3,1,0,53,0.07547169811320754
160,Demarai Gray,Midfielder,150,5,4,4,0,0,56,0.07142857142857142
161,Moussa Sissoko,Midfielder,150,4,4,3,1,0,128,0.03125
162,Ilkay Gündogan,Midfielder,150,5,4,3,2,0,41,0.0975609756097561
163,Jordon Ibe,Midfielder,150,4,4,3,1,0,105,0.0380952380952381
164,Joe Allen,Midfielder,150,4,4,3,1,0,55,0.07272727272727272
165,Bobby De Cordova-Reid,Forward,150,5,4,4,1,0,27,0.14814814814814814
166,Cristhian Stuani,Forward,150,4,4,1,2,1,23,0.17391304347826086
167,Steven Naismith,Forward,150,4,4,2,1,1,23,0.17391304347826086
168,Romain Saïss,Midfielder,150,4,4,1,1,2,52,0.07692307692307693
169,Marten de Roon,Midfielder,150,4,4,2,0,2,33,0.12121212121212122
170,Abel Hernández,Forward,150,4,4,1,2,1,24,0.16666666666666666
171,Robbie Brady,Midfielder,150,5,4,1,4,0,67,0.05970149253731343
172,Saido Berahino,Forward,150,4,4,3,1,0,63,0.06349206349206349
173,Adama Traoré,Forward,150,4,4,4,0,0,47,0.0851063829787234
174,Jeffrey Schlupp,Midfielder,150,4,4,1,3,0,84,0.047619047619047616
175,Gylfi Sigurdsson,Midfielder,150,4,4,4,0,0,27,0.14814814814814814
176,Miguel Almirón,Midfielder,150,4,4,2,2,0,46,0.08695652173913043
177,Michael Obafemi,Forward,150,4,4,3,1,0,27,0.14814814814814814
178,Duncan Watmore,Forward,179,3,3,2,1,0,37,0.08108108108108109
179,Fabian Delph,Midfielder,179,3,3,0,3,0,51,0.058823529411764705
180,Harry Arter,Midfielder,179,3,3,2,1,0,69,0.043478260869565216
181,Jeremain Lens,Midfielder,179,3,3,1,2,0,22,0.13636363636363635
182,Gareth Barry,Midfielder,179,3,3,0,2,1,91,0.03296703296703297
183,Rodrigo,Midfielder,179,3,3,2,0,1,35,0.08571428571428572
184,James McClean,Midfielder,179,3,3,1,1,1,65,0.046153846153846156
185,Fabinho,Midfielder,179,3,3,2,0,1,56,0.05357142857142857
186,Anwar El Ghazi,Midfielder,179,4,3,4,0,0,34,0.08823529411764706
187,Vicente Iborra,Midfielder,179,3,3,0,1,2,27,0.1111111111111111
188,Billy Sharp,Forward,179,3,3,1,1,1,25,0.12
189,James Maddison,Midfielder,179,7,3,7,0,0,36,0.08333333333333333
190,Pedro Neto,Forward,179,3,3,1,2,0,29,0.10344827586206896
191,Emre Can,Midfielder,179,3,3,1,0,2,26,0.11538461538461539
192,Ivan Cavaleiro,Forward,179,3,3,3,0,0,23,0.13043478260869565
193,Jack Cork,Midfielder,179,3,3,1,0,2,103,0.02912621359223301
194,Tomas Soucek,Midfielder,179,3,3,0,1,2,13,0.23076923076923078
195,Enner Valencia,Forward,179,3,3,2,1,0,24,0.125
196,Aaron Connolly,Forward,179,3,3,3,0,0,24,0.125
197,Ander Herrera,Midfielder,179,3,3,3,0,0,53,0.05660377358490566
198,Alex Pritchard,Midfielder,179,3,3,0,3,0,51,0.058823529411764705
199,Matej Vydra,Forward,179,3,3,2,1,0,33,0.09090909090909091
200,Steven Bergwijn,Forward,179,3,3,3,0,0,14,0.21428571428571427
201,Marc Pugh,Midfielder,179,3,3,3,0,0,46,0.06521739130434782
202,Lucas Torreira,Midfielder,179,3,3,3,0,0,63,0.047619047619047616
203,Yaya Touré,Midfielder,179,5,3,5,0,0,35,0.08571428571428572
204,Sofiane Feghouli,Midfielder,179,3,3,2,1,0,21,0.14285714285714285
205,Sofiane Boufal,Midfielder,179,3,3,1,2,0,50,0.06
206,Daniel Drinkwater,Midfielder,179,3,3,3,0,0,69,0.043478260869565216
207,Kenedy,Forward,179,3,3,0,3,0,27,0.1111111111111111
208,Nacer Chadli,Midfielder,179,4,3,3,1,0,34,0.08823529411764706
209,Nathaniel Mendez-Laing,Midfielder,179,4,3,2,2,0,20,0.15
210,Bernard,Forward,179,3,3,3,0,0,27,0.1111111111111111
211,Jonny Howson,Midfielder,179,3,3,1,1,1,36,0.08333333333333333
212,Alexander Tettey,Midfielder,179,3,3,1,2,0,53,0.05660377358490566
213,Oriol Romeu,Midfielder,179,3,3,3,0,0,128,0.0234375
214,Joselu,Forward,215,2,2,0,0,2,16,0.125
215,Mauro Zárate,Forward,215,3,2,3,0,0,18,0.1111111111111111
216,Memphis Depay,Forward,215,2,2,1,1,0,33,0.06060606060606061
217,Joe Ledley,Midfielder,215,2,2,0,2,0,37,0.05405405405405406
218,Bakary Sako,Midfielder,215,2,2,1,1,0,31,0.06451612903225806
219,George Boyd,Midfielder,215,2,2,0,2,0,36,0.05555555555555555
220,Luka Milivojevic,Midfielder,215,15,2,15,0,0,81,0.024691358024691357
221,Adama Diomande,Forward,215,2,2,2,0,0,22,0.09090909090909091
222,Gastón Ramírez,Midfielder,215,2,2,1,0,1,27,0.07407407407407407
223,Mohamed Diamé,Midfielder,215,2,2,2,0,0,60,0.03333333333333333
224,Robert Snodgrass,Midfielder,215,2,2,0,2,0,33,0.06060606060606061
225,Matthew Longstaff,Midfielder,215,2,2,2,0,0,9,0.2222222222222222
226,Aboubakar Kamara,Forward,215,3,2,3,0,0,13,0.15384615384615385
227,Jefferson Lerma,Midfielder,215,2,2,1,0,1,30,0.06666666666666667
228,Papiss Demba Cissé,Forward,215,3,2,0,0,2,21,0.09523809523809523
229,Tom Davies,Midfielder,215,2,2,1,1,0,33,0.06060606060606061
230,Jason Puncheon,Midfielder,215,2,2,0,2,0,88,0.022727272727272728
231,Ki Sung-Yueng,Midfielder,215,2,2,1,1,0,69,0.028985507246376812
232,Pedro Obiang,Midfielder,215,2,2,1,1,0,45,0.044444444444444446
233,Andrew Surman,Midfielder,215,2,2,0,2,0,108,0.018518518518518517
234,João Mário,Midfielder,215,2,2,2,0,0,13,0.15384615384615385
235,Jordan Henderson,Midfielder,215,2,2,1,1,0,56,0.03571428571428571
236,Naby Keita,Midfielder,215,2,2,2,0,0,18,0.1111111111111111
237,Jóhann Gudmundsson,Midfielder,215,2,2,0,2,0,32,0.0625
238,Jürgen Locadia,Forward,215,2,2,1,1,0,26,0.07692307692307693
239,N'Golo Kanté,Midfielder,215,2,2,2,0,0,71,0.028169014084507043
240,Isaac Hayden,Midfielder,215,2,2,2,0,0,51,0.0392156862745098
241,Alberto Paloschi,Forward,215,2,2,2,0,0,10,0.2
242,Moussa Djenepo,Midfielder,215,2,2,2,0,0,18,0.1111111111111111
243,Tom Cleverley,Midfielder,215,2,2,2,0,0,36,0.05555555555555555
244,Ibrahim Afellay,Midfielder,215,2,2,1,0,1,43,0.046511627906976744
245,Ramires,Midfielder,215,2,2,1,0,1,12,0.16666666666666666
246,Harry Winks,Midfielder,215,2,2,1,0,1,94,0.02127659574468085
247,Patrick Cutrone,Forward,215,2,2,1,1,0,12,0.16666666666666666
248,Idrissa Gueye,Midfielder,215,2,2,2,0,0,68,0.029411764705882353
249,Anthony Knockaert,Midfielder,215,2,2,0,2,0,30,0.06666666666666667
250,Daniel Sturridge,Forward,215,2,2,0,2,0,18,0.1111111111111111
251,Stéphane Sessegnon,Midfielder,215,2,2,2,0,0,25,0.08
252,Conor Hourihane,Midfielder,215,3,2,0,3,0,27,0.07407407407407407
253,Chris Brunt,Midfielder,215,3,2,0,2,1,31,0.06451612903225806
254,Dean Marney,Midfielder,215,4,2,1,1,0,96,0.020833333333333332
255,Etienne Capoue,Midfielder,215,2,2,2,0,0,86,0.023255813953488372
256,Rúben Neves,Midfielder,215,6,2,6,0,0,73,0.0273972602739726
257,Carles Gil,Midfielder,215,2,2,0,2,0,23,0.08695652173913043
258,Sean Longstaff,Midfielder,215,2,2,1,1,0,32,0.0625
259,Solly March,Midfielder,260,1,1,0,1,0,54,0.018518518518518517
260,Dimitri Payet,Midfielder,260,2,1,2,0,0,18,0.05555555555555555
261,Scott Sinclair,Forward,260,2,1,2,0,0,27,0.037037037037037035
262,Modibo Maiga,Forward,260,1,1,1,0,0,3,0.3333333333333333
263,Callum Hudson-Odoi,Forward,260,1,1,1,0,0,32,0.03125
264,Kortney Hause,Defender,260,1,1,1,0,0,18,0.05555555555555555
265,Ainsley Maitland-Niles,Midfielder,260,1,1,1,0,0,52,0.019230769230769232
266,Andreas Pereira,Midfielder,260,1,1,1,0,0,19,0.05263157894736842
267,Wahbi Khazri,Midfielder,260,1,1,1,0,0,21,0.047619047619047616
268,Modou Barrow,Forward,260,1,1,0,1,0,22,0.045454545454545456
269,Steven Defour,Midfielder,260,2,1,2,0,0,51,0.0196078431372549
270,Didier Ndong,Midfielder,260,1,1,0,1,0,31,0.03225806451612903
271,Bukayo Saka,Midfielder,260,1,1,0,1,0,27,0.037037037037037035
272,Curtis Jones,Midfielder,260,1,1,1,0,0,6,0.16666666666666666
273,Lee Chung-Yong,Midfielder,260,1,1,1,0,0,28,0.03571428571428571
274,Scott Arfield,Midfielder,260,1,1,0,1,0,31,0.03225806451612903
275,Philip Billing,Midfielder,260,1,1,0,1,0,34,0.029411764705882353
276,Adnan Januzaj,Midfielder,260,1,1,1,0,0,5,0.2
277,Jack Rodwell,Midfielder,260,1,1,0,1,0,43,0.023255813953488372
278,Jack Grealish,Midfielder,260,1,1,1,0,0,16,0.0625
279,Jack Colback,Midfielder,260,1,1,0,1,0,29,0.034482758620689655
280,Stefano Okaka,Forward,260,1,1,0,0,1,17,0.058823529411764705
281,Eddie Nketiah,Forward,260,1,1,0,1,0,5,0.2
282,Callum Robinson,Forward,260,1,1,1,0,0,16,0.0625
283,Morgan Schneiderlin,Midfielder,260,1,1,1,0,0,58,0.017241379310344827
284,Dennis Srbeny,Forward,260,1,1,0,1,0,8,0.125
285,Dennis Praet,Midfielder,260,1,1,1,0,0,27,0.037037037037037035
286,Nathan Dyer,Midfielder,260,1,1,0,0,1,37,0.02702702702702703
287,Shaun Maloney,Midfielder,260,1,1,0,1,0,9,0.1111111111111111
288,João Moutinho,Midfielder,260,2,1,1,1,0,76,0.013157894736842105
289,Joseph Willock,Midfielder,260,1,1,1,0,0,31,0.03225806451612903
290,David Meyler,Midfielder,260,1,1,1,0,0,20,0.05
291,Jorginho,Midfielder,260,4,1,4,0,0,31,0.03225806451612903
292,Jordy Clasie,Midfielder,260,1,1,1,0,0,16,0.0625
293,Charlie Adam,Midfielder,260,1,1,1,0,0,22,0.045454545454545456
294,Davy Pröpper,Midfielder,260,1,1,1,0,0,65,0.015384615384615385
295,Nikica Jelavic,Forward,260,1,1,0,1,0,13,0.07692307692307693
296,Kadeem Harris,Midfielder,260,1,1,1,0,0,13,0.07692307692307693
297,Fernando Llorente,Forward,260,1,1,0,0,1,20,0.05
298,Ken Sema,Midfielder,260,1,1,0,1,0,17,0.058823529411764705
299,Daniel Podence,Midfielder,260,1,1,0,0,1,9,0.1111111111111111
300,Kenneth Zohore,Forward,260,1,1,0,1,0,19,0.05263157894736842
301,Kenny McLean,Midfielder,260,1,1,0,0,1,37,0.02702702702702703
302,Alfred N'Diaye,Midfielder,260,1,1,1,0,0,15,0.06666666666666667
303,Declan Rice,Midfielder,260,1,1,1,0,0,64,0.015625
304,Joe Lolley,Forward,260,1,1,0,1,0,6,0.16666666666666666
305,Dale Stephens,Midfielder,260,1,1,0,1,0,63,0.015873015873015872
306,Oscar,Midfielder,260,3,1,3,0,0,36,0.027777777777777776
307,Loïc Rémy,Forward,260,1,1,0,0,1,13,0.07692307692307693
308,Almen Abdi,Midfielder,260,2,1,2,0,0,32,0.03125
309,Valentino Lazaro,Midfielder,260,1,1,0,1,0,13,0.07692307692307693
310,Josip Drmic,Forward,260,1,1,1,0,0,21,0.047619047619047616
311,Isaac Success,Forward,260,1,1,0,0,1,24,0.041666666666666664
312,Luciano Vietto,Forward,260,1,1,0,0,1,20,0.05
313,Ramadan Sobhi,Midfielder,260,0,1,0,1,0,21,0.047619047619047616
314,Emiliano Buendía,Midfielder,260,1,1,0,1,0,36,0.027777777777777776
315,Max-Alain Gradel,Forward,260,1,1,1,0,0,14,0.07142857142857142
316,Aron Gunnarsson,Midfielder,260,1,1,1,0,0,28,0.03571428571428571
317,Rolando Aarons,Midfielder,260,1,1,0,1,0,14,0.07142857142857142
318,Sam Field,Midfielder,260,1,1,0,1,0,19,0.05263157894736842
319,Max Meyer,Midfielder,260,1,1,0,1,0,29,0.034482758620689655
320,Hamza Choudhury,Midfielder,260,1,1,1,0,0,37,0.02702702702702703
321,Tom Cairney,Midfielder,260,1,1,0,1,0,31,0.03225806451612903
322,Grant Leadbitter,Midfielder,260,1,1,1,0,0,13,0.07692307692307693
323,Yves Bissouma,Midfielder,260,1,1,1,0,0,50,0.02
324,Bastian Schweinsteiger,Midfielder,260,1,1,0,0,1,18,0.05555555555555555
325,Isaac Mbenza,Forward,260,1,1,1,0,0,22,0.045454545454545456
326,Mario Vrancic,Midfielder,260,1,1,1,0,0,20,0.05
327,Borja Bastón,Forward,260,1,1,1,0,0,18,0.05555555555555555
328,Ryan Mason,Midfielder,260,1,1,1,0,0,16,0.0625
329,Matthew Jarvis,Midfielder,260,1,1,0,1,0,22,0.045454545454545456
330,Hélder Costa,Forward,260,1,1,0,1,0,25,0.04
331,Lucas Pérez,Forward,260,1,1,0,1,0,11,0.09090909090909091
332,Mbwana Samatta,Forward,260,1,1,0,0,1,14,0.07142857142857142
333,Beram Kayal,Midfielder,260,1,1,0,1,0,18,0.05555555555555555
334,Tom Carroll,Midfielder,260,1,1,0,1,0,56,0.017857142857142856
335,Ruben Loftus-Cheek,Midfielder,260,1,1,1,0,0,20,0.05
336,Florin Andone,Forward,260,1,1,1,0,0,3,0.3333333333333333
337,Luciano Narsingh,Forward,260,1,1,0,1,0,31,0.03225806451612903
338,Radamel Falcao,Forward,260,1,1,0,0,1,10,0.1
339,Mateo Kovacic,Midfielder,260,1,1,1,0,0,63,0.015873015873015872
340,Willy Boly,Defender,341,0,0,0,0,0,22,0.0
341,Muhamed Besic,Midfielder,341,0,0,0,0,0,14,0.0
342,Steve Sidwell,Midfielder,341,0,0,0,0,0,1,0.0
343,Steven Davis,Midfielder,341,0,0,0,0,0,3,0.0
344,Nathan Holland,Midfielder,341,0,0,0,0,0,2,0.0
345,Matteo Darmian,Defender,341,0,0,0,0,0,24,0.0
346,Matt Targett,Defender,341,2,0,0,1,1,60,0.0
347,Winston Reid,Defender,341,1,0,0,0,1,41,0.0
348,Simon Francis,Defender,341,0,0,0,0,0,32,0.0
349,Zanka,Defender,341,3,0,1,1,1,62,0.0
350,Matteo Guendouzi,Midfielder,341,0,0,0,0,0,57,0.0
351,Nathan Aké,Defender,341,12,0,1,5,6,141,0.0
352,Siem de Jong,Midfielder,341,0,0,0,0,0,18,0.0
353,Nampalys Mendy,Midfielder,341,0,0,0,0,0,35,0.0
354,Çaglar Söyüncü,Defender,341,1,0,0,0,1,40,0.0
355,Matt Doherty,Defender,341,4,0,0,3,1,36,0.0
356,Nacho Monreal,Defender,341,6,0,1,4,1,86,0.0
357,Shkodran Mustafi,Defender,341,7,0,1,0,6,99,0.0
358,Mathieu Flamini,Midfielder,341,0,0,0,0,0,10,0.0
359,Mathieu Debuchy,Defender,341,0,0,0,0,0,1,0.0
360,William Smallbone,Midfielder,341,0,0,0,0,0,9,0.0
361,Steven Berghuis,Forward,341,0,0,0,0,0,9,0.0
362,Simone Zaza,Forward,341,0,0,0,0,0,8,0.0
363,Will Keane,Forward,341,0,0,0,0,0,1,0.0
364,Nahki Wells,Forward,341,0,0,0,0,0,9,0.0
365,Steven Caulker,Defender,341,0,0,0,0,0,6,0.0
366,Nabil Bentaleb,Midfielder,341,0,0,0,0,0,12,0.0
367,Stephen Ward,Defender,341,1,0,0,1,0,31,0.0
368,Sokratis,Defender,341,2,0,2,0,0,19,0.0
369,Michael Hefele,Defender,341,0,0,0,0,0,2,0.0
370,Yan Valery,Defender,341,2,0,1,1,0,34,0.0
371,Steven Taylor,Defender,341,0,0,0,0,0,10,0.0
372,Yann M'Vila,Midfielder,341,1,0,1,0,0,37,0.0
373,Maximilian Kilman,Defender,341,0,0,0,0,0,3,0.0
374,Sheyi Ojo,Midfielder,341,0,0,0,0,0,8,0.0
375,Stefan Johansen,Midfielder,341,0,0,0,0,0,12,0.0
376,Michael Keane,Defender,341,4,0,2,0,2,96,0.0
377,Michael Dawson,Defender,341,3,0,2,0,1,22,0.0
378,Moritz Leitner,Midfielder,341,0,0,0,0,0,9,0.0
379,Yohan Benalouane,Defender,341,0,0,0,0,0,11,0.0
380,Stephen Ireland,Midfielder,341,0,0,0,0,0,17,0.0
381,Michael Carrick,Midfielder,341,0,0,0,0,0,53,0.0
382,Stephan Lichtsteiner,Defender,341,0,0,0,0,0,14,0.0
383,Micah Richards,Defender,341,1,0,0,0,1,24,0.0
384,Maya Yoshida,Defender,341,2,0,1,1,0,68,0.0
385,Yoshinori Muto,Forward,341,0,0,0,0,0,8,0.0
386,Miguel Britos,Defender,341,1,0,0,0,1,27,0.0
387,Mikel Arteta,Midfielder,341,0,0,0,0,0,9,0.0
388,Mile Jedinak,Midfielder,341,0,0,0,0,0,28,0.0
389,Max Aarons,Defender,341,0,0,0,0,0,36,0.0
390,Steve Cook,Defender,341,6,0,2,0,4,96,0.0
391,Sol Bamba,Defender,341,4,0,3,1,0,28,0.0
392,Moritz Bauer,Defender,341,0,0,0,0,0,15,0.0
393,Matthew Pennington,Defender,341,1,0,1,0,0,7,0.0
394,Morgan Gibbs-White,Midfielder,341,0,0,0,0,0,7,0.0
395,Molla Wagué,Defender,341,1,0,1,0,0,6,0.0
396,Xande Silva,Forward,341,0,0,0,0,0,1,0.0
397,Mohamed Elyounoussi,Midfielder,341,0,0,0,0,0,16,0.0
398,Matthew Worthington,Midfielder,341,0,0,0,0,0,1,0.0
399,Youssouf Mulumbu,Midfielder,341,0,0,0,0,0,7,0.0
400,Younes Kaboul,Defender,341,2,0,2,0,0,48,0.0
401,Matty James,Midfielder,341,0,0,0,0,0,1,0.0
402,Mohamed Elneny,Midfielder,341,0,0,0,0,0,32,0.0
403,Steven Pienaar,Midfielder,341,0,0,0,0,0,15,0.0
404,Stephen Kingsley,Defender,341,0,0,0,0,0,4,0.0
405,Yoan Gouffran,Midfielder,341,0,0,0,0,0,8,0.0
406,Ryan Bertrand,Defender,341,3,0,1,2,0,123,0.0
407,Sullay Kaikai,Midfielder,341,0,0,0,0,0,2,0.0
408,Rafael Camacho,Midfielder,341,0,0,0,0,0,1,0.0
409,Sam Byram,Defender,341,0,0,0,0,0,21,0.0
410,Toby Alderweireld,Defender,341,7,0,2,1,4,149,0.0
411,Ravel Morrison,Midfielder,341,0,0,0,0,0,1,0.0
412,Ramiro Funes Mori,Defender,341,4,0,1,1,2,55,0.0
413,Sam Gallagher,Forward,341,0,0,0,0,0,4,0.0
414,Tyrone Mings,Defender,341,0,0,0,0,0,16,0.0
415,Vadis Odjidja-Ofoe,Midfielder,341,0,0,0,0,0,10,0.0
416,Sam McQueen,Defender,341,0,0,0,0,0,20,0.0
417,Ragnar Klavan,Defender,341,1,0,0,0,1,19,0.0
418,Sam Surridge,Forward,341,0,0,0,0,0,4,0.0
419,Timothy Fosu-Mensah,Defender,341,0,0,0,0,0,20,0.0
420,Victor Anichebe,Forward,341,0,0,0,0,0,10,0.0
421,Samir Nasri,Midfielder,341,0,0,0,0,0,6,0.0
422,Timm Klose,Defender,341,1,0,0,0,1,17,0.0
423,Tim Ream,Defender,341,0,0,0,0,0,26,0.0
424,Valon Behrami,Midfielder,341,0,0,0,0,0,21,0.0
425,Terence Kongolo,Defender,341,1,0,0,0,1,45,0.0
426,Sandro Ramírez,Forward,341,0,0,0,0,0,8,0.0
427,Philipp Wollscheid,Defender,341,0,0,0,0,0,2,0.0
428,Phil Jagielka,Defender,341,1,0,1,0,0,34,0.0
429,Tariq Lamptey,Defender,341,0,0,0,0,0,9,0.0
430,Phil Bardsley,Defender,341,0,0,0,0,0,45,0.0
431,Tyrick Mitchell,Defender,341,0,0,0,0,0,4,0.0
432,Reece Oxford,Midfielder,341,0,0,0,0,0,1,0.0
433,Trent Alexander-Arnold,Defender,341,6,0,6,0,0,93,0.0
434,Rees Greenwood,Midfielder,341,0,0,0,0,0,1,0.0
435,Ryan Bennett,Defender,341,0,0,0,0,0,16,0.0
436,Russell Martin,Defender,341,3,0,2,1,0,30,0.0
437,Mason Holgate,Defender,341,0,0,0,0,0,50,0.0
438,Ryan Fredericks,Defender,341,1,0,1,0,0,15,0.0
439,Ryan Sessegnon,Midfielder,341,0,0,0,0,0,6,0.0
440,Tom Huddlestone,Midfielder,341,1,0,1,0,0,31,0.0
441,Tom Trybull,Midfielder,341,0,0,0,0,0,16,0.0
442,Ryan Shawcross,Defender,341,1,0,0,1,0,35,0.0
443,Robert Huth,Defender,341,2,0,0,0,2,33,0.0
444,Rúben Vinagre,Defender,341,0,0,0,0,0,33,0.0
445,Rob Holding,Defender,341,0,0,0,0,0,10,0.0
446,Ritchie de Laet,Defender,341,1,0,1,0,0,12,0.0
447,Rickie Lambert,Forward,341,1,0,1,0,0,20,0.0
448,Tokelo Rantie,Forward,341,0,0,0,0,0,3,0.0
449,Richairo Zivkovic,Forward,341,0,0,0,0,0,5,0.0
450,Sam Baldock,Forward,341,0,0,0,0,0,2,0.0
451,Ricardo Pereira,Defender,341,5,0,3,2,0,63,0.0
452,Tommy Doyle,Midfielder,341,0,0,0,0,0,1,0.0
453,Rhys Healey,Forward,341,0,0,0,0,0,3,0.0
454,Reiss Nelson,Forward,341,0,0,0,0,0,3,0.0
455,Tommy Elphick,Defender,341,1,0,0,0,1,12,0.0
456,Peter Odemwingie,Forward,341,0,0,0,0,0,5,0.0
457,Per Mertesacker,Defender,341,1,0,0,0,1,7,0.0
458,Nathan Tella,Midfielder,341,0,0,0,0,0,1,0.0
459,Nikola Vlasic,Midfielder,341,0,0,0,0,0,12,0.0
460,Oliver Norwood,Midfielder,341,1,0,1,0,0,38,0.0
461,Wes Morgan,Defender,341,3,0,1,0,2,108,0.0
462,Oliver Burke,Midfielder,341,0,0,0,0,0,15,0.0
463,Oleksandr Zinchenko,Defender,341,0,0,0,0,0,33,0.0
464,Ola Toivonen,Forward,341,0,0,0,0,0,12,0.0
465,Odion Ighalo,Forward,341,0,0,0,0,0,11,0.0
466,Serge Aurier,Defender,341,3,0,1,1,1,58,0.0
467,Wesley Hoedt,Defender,341,0,0,0,0,0,41,0.0
468,Nsue,Midfielder,341,0,0,0,0,0,4,0.0
469,Nordin Amrabat,Forward,341,0,0,0,0,0,44,0.0
470,Séamus Coleman,Defender,341,5,0,1,2,3,93,0.0
471,Scott Dann,Defender,341,6,0,1,2,3,52,0.0
472,Nicolás Otamendi,Defender,341,3,0,1,0,2,54,0.0
473,Seydou Doumbia,Forward,341,0,0,0,0,0,3,0.0
474,Nick Powell,Midfielder,341,0,0,0,0,0,1,0.0
475,Sylvain Distin,Defender,341,0,0,0,0,0,12,0.0
476,Shane Duffy,Defender,341,5,0,1,1,3,72,0.0
477,Neil Taylor,Defender,341,0,0,0,0,0,14,0.0
478,Neeskens Kebano,Midfielder,341,0,0,0,0,0,7,0.0
479,Shaun MacDonald,Midfielder,341,0,0,0,0,0,3,0.0
480,Nathaniel Clyne,Defender,341,0,0,0,0,0,58,0.0
481,Nathaniel Chalobah,Midfielder,341,0,0,0,0,0,16,0.0
482,Oliver Skipp,Midfielder,341,0,0,0,0,0,15,0.0
483,Omar Elabdellaoui,Defender,341,0,0,0,0,0,8,0.0
484,Ondrej Duda,Midfielder,341,0,0,0,0,0,10,0.0
485,Sebastián Coates,Defender,341,0,0,0,0,0,16,0.0
486,Scott Malone,Defender,341,0,0,0,0,0,22,0.0
487,Victor Lindelöf,Defender,341,2,0,0,1,1,82,0.0
488,Vincent Janssen,Forward,341,0,0,0,0,0,3,0.0
489,Vincent Kompany,Defender,341,4,0,1,0,3,48,0.0
490,Paul Dummett,Defender,341,1,0,0,1,0,59,0.0
491,Sead Kolasinac,Defender,341,2,0,0,2,0,51,0.0
492,Patrick van Aanholt,Defender,341,15,0,2,13,0,130,0.0
493,Virgil van Dijk,Defender,341,12,0,0,3,9,136,0.0
494,Patrick Roberts,Midfielder,341,0,0,0,0,0,1,0.0
495,Patrick McNair,Midfielder,341,0,0,0,0,0,9,0.0
496,Patrick Bamford,Forward,341,0,0,0,0,0,13,0.0
497,Sebastian Larsson,Midfielder,341,0,0,0,0,0,18,0.0
498,Papy Djilobodji,Defender,341,0,0,0,0,0,18,0.0
499,Pape Souaré,Defender,341,0,0,0,0,0,5,0.0
500,Sebastian Prödl,Defender,341,3,0,0,1,2,75,0.0
501,Pablo Zabaleta,Defender,341,0,0,0,0,0,49,0.0
502,Pablo Marí,Defender,341,0,0,0,0,0,2,0.0
503,Ovie Ejaria,Midfielder,341,0,0,0,0,0,2,0.0
504,Oumar Niasse,Forward,341,0,0,0,0,0,21,0.0
505,Sebastien Bassong,Defender,341,1,0,0,1,0,32,0.0
506,Takumi Minamino,Forward,341,0,0,0,0,0,10,0.0
507,Obbi Oularé,Forward,341,0,0,0,0,0,2,0.0
508,Josh Sims,Midfielder,341,0,0,0,0,0,13,0.0
509,Mason Greenwood,Forward,341,0,0,0,0,0,3,0.0
510,Cuco Martina,Defender,341,0,0,0,0,0,30,0.0
511,Cédric Soares,Defender,341,1,0,1,0,0,74,0.0
512,César Azpilicueta,Defender,341,4,0,3,0,1,73,0.0
513,Daley Blind,Defender,341,1,0,0,1,0,35,0.0
514,Damien Delaney,Defender,341,2,0,1,0,1,64,0.0
515,Dan Burn,Defender,341,0,0,0,0,0,34,0.0
516,Daniel Agyei,Forward,341,0,0,0,0,0,3,0.0
517,Daniel Amartey,Defender,341,0,0,0,0,0,13,0.0
518,Danilo,Defender,341,4,0,3,1,0,34,0.0
519,Danny Graham,Forward,341,0,0,0,0,0,10,0.0
520,Danny Rose,Defender,341,3,0,0,3,0,101,0.0
521,Daryl Janmaat,Defender,341,7,0,4,2,1,90,0.0
522,David Jones,Midfielder,341,0,0,0,0,0,1,0.0
523,David Luiz,Defender,341,7,0,2,1,4,112,0.0
524,David Nugent,Forward,341,0,0,0,0,0,4,0.0
525,Davide Zappacosta,Defender,341,1,0,0,1,0,26,0.0
526,Cyrus Christie,Defender,341,0,0,0,0,0,28,0.0
527,Cristian Gamboa,Defender,341,0,0,0,0,0,1,0.0
528,Francis Coquelin,Midfielder,341,0,0,0,0,0,62,0.0
529,Craig Dawson,Defender,341,4,0,1,0,3,57,0.0
530,Cheick Tioté,Midfielder,341,0,0,0,0,0,20,0.0
531,Chris Basham,Defender,341,0,0,0,0,0,38,0.0
532,Chris Löwe,Defender,341,0,0,0,0,0,52,0.0
533,Chris Mepham,Defender,341,1,0,1,0,0,25,0.0
534,Chris Smalling,Defender,341,6,0,1,2,3,71,0.0
535,Christian Fuchs,Defender,341,0,0,0,0,0,32,0.0
536,Christian Kabasele,Defender,341,2,0,0,0,2,49,0.0
537,Christoph Zimmermann,Defender,341,0,0,0,0,0,17,0.0
538,Christopher Schindler,Defender,341,1,0,0,0,1,74,0.0
539,Ciaran Clark,Defender,341,6,0,0,0,6,49,0.0
540,Claudio Yacob,Midfielder,341,0,0,0,0,0,83,0.0
541,Collin Quaner,Forward,341,0,0,0,0,0,26,0.0
542,Connor Randall,Defender,341,0,0,0,0,0,3,0.0
543,Conor Coady,Defender,341,0,0,0,0,0,76,0.0
544,Craig Cathcart,Defender,341,3,0,0,0,3,87,0.0
545,DeAndre Yedlin,Defender,341,2,0,1,0,1,79,0.0
546,Dean Whitehead,Midfielder,341,0,0,0,0,0,4,0.0
547,Dejan Lovren,Defender,341,2,0,1,0,1,63,0.0
548,Demetri Mitchell,Defender,341,0,0,0,0,0,1,0.0
549,Erik Durm,Defender,341,0,0,0,0,0,28,0.0
550,Erik Pieters,Defender,341,0,0,0,0,0,90,0.0
551,Eunan O'Kane,Midfielder,341,0,0,0,0,0,16,0.0
552,Evandro,Midfielder,341,0,0,0,0,0,11,0.0
553,Ezequiel Schelotto,Defender,341,0,0,0,0,0,20,0.0
554,Ezri Konsa Ngoyo,Defender,341,1,0,1,0,0,25,0.0
555,Fabian Schär,Defender,341,2,0,1,1,0,22,0.0
556,Fabián Balbuena,Defender,341,2,0,2,0,0,40,0.0
557,Fabricio Coloccini,Defender,341,1,0,1,0,0,26,0.0
558,Faustino Anjorin,Midfielder,341,0,0,0,0,0,1,0.0
559,Federico Fernández,Defender,341,0,0,0,0,0,46,0.0
560,Fernando,Midfielder,341,0,0,0,0,0,15,0.0
561,Fikayo Tomori,Defender,341,1,0,1,0,0,16,0.0
562,Florian Lejeune,Defender,341,2,0,1,1,0,18,0.0
563,Florian Thauvin,Midfielder,341,0,0,0,0,0,13,0.0
564,Eric Bailly,Defender,341,0,0,0,0,0,41,0.0
565,Enda Stevens,Defender,341,2,0,0,1,1,38,0.0
566,Emmanuel Emenike,Forward,341,0,0,0,0,0,13,0.0
567,Djibril Sidibé,Defender,341,0,0,0,0,0,25,0.0
568,Denis Odoi,Defender,341,0,0,0,0,0,31,0.0
569,Diego Rico,Defender,341,0,0,0,0,0,39,0.0
570,Dimitri Foulquier,Defender,341,0,0,0,0,0,3,0.0
571,Diogo Dalot,Defender,341,0,0,0,0,0,16,0.0
572,Dion Pereira,Forward,341,0,0,0,0,0,2,0.0
573,Dionatan Teixeira,Defender,341,0,0,0,0,0,1,0.0
574,Dodi Lukébakio,Forward,341,0,0,0,0,0,1,0.0
575,Emile Smith Rowe,Midfielder,341,0,0,0,0,0,2,0.0
576,Domingos Quina,Midfielder,341,0,0,0,0,0,4,0.0
577,Donald Love,Defender,341,0,0,0,0,0,1,0.0
578,Edimilson Fernandes,Midfielder,341,0,0,0,0,0,42,0.0
579,Eliaquim Mangala,Defender,341,0,0,0,0,0,11,0.0
580,Emerson,Defender,341,0,0,0,0,0,5,0.0
581,Emil Krafth,Defender,341,0,0,0,0,0,17,0.0
582,Charly Musonda,Midfielder,341,0,0,0,0,0,3,0.0
583,Charlie Daniels,Defender,341,9,0,0,8,1,129,0.0
584,Carl Jenkinson,Defender,341,2,0,1,1,0,21,0.0
585,André-Frank Zambo Anguissa,Midfielder,341,0,0,0,0,0,22,0.0
586,Albian Ajeti,Forward,341,0,0,0,0,0,9,0.0
587,Aleix García,Midfielder,341,0,0,0,0,0,4,0.0
588,Aleksandar Dragovic,Defender,341,0,0,0,0,0,11,0.0
589,Aleksandar Kolarov,Defender,341,1,0,0,1,0,29,0.0
590,Alessandro Diamanti,Forward,341,0,0,0,0,0,3,0.0
591,Alexander Sørloth,Forward,341,0,0,0,0,0,4,0.0
592,Alexandre Pato,Forward,341,1,0,1,0,0,2,0.0
593,Alexandre Song,Midfielder,341,0,0,0,0,0,12,0.0
594,Alexis Mac Allister,Midfielder,341,0,0,0,0,0,9,0.0
595,Alfie Mawson,Defender,341,4,0,1,0,3,27,0.0
596,Alireza Jahanbakhsh,Forward,341,0,0,0,0,0,19,0.0
597,Allan-Roméo Nyom,Defender,341,0,0,0,0,0,61,0.0
598,Andreas Christensen,Defender,341,0,0,0,0,0,8,0.0
599,Andrej Kramaric,Forward,341,0,0,0,0,0,2,0.0
600,Andrew Eleftheriou,Defender,341,0,0,0,0,0,1,0.0
601,Alberto Moreno,Defender,341,1,0,0,1,0,62,0.0
602,Alan Hutton,Defender,341,0,0,0,0,0,28,0.0
603,Akin Famewo,Defender,341,0,0,0,0,0,1,0.0
604,Adam Matthews,Defender,341,0,0,0,0,0,1,0.0
605,Aaron Wan-Bissaka,Defender,341,0,0,0,0,0,77,0.0
606,Abdelhamid Sabiri,Midfielder,341,0,0,0,0,0,7,0.0
607,Abdul Rahman Baba,Defender,341,0,0,0,0,0,15,0.0
608,Adam Forshaw,Midfielder,341,0,0,0,0,0,34,0.0
609,Adam Idah,Forward,341,0,0,0,0,0,12,0.0
610,Adam Masina,Defender,341,0,0,0,0,0,14,0.0
611,Adam Smith,Defender,341,3,0,2,1,0,112,0.0
612,Aiden O'Neill,Midfielder,341,0,0,0,0,0,3,0.0
613,Adam Webster,Defender,341,3,0,1,0,2,31,0.0
614,Ademola Lookman,Forward,341,0,0,0,0,0,7,0.0
615,Adrian Mariappa,Defender,341,0,0,0,0,0,81,0.0
616,Adrien Silva,Midfielder,341,0,0,0,0,0,12,0.0
617,Ahmed El Mohamady,Defender,341,1,0,0,0,1,51,0.0
618,Ahmed Hegazi,Defender,341,2,0,0,0,2,38,0.0
619,Andrew Robertson,Defender,341,3,0,0,1,2,69,0.0
620,Andy Carroll,Forward,341,0,0,0,0,0,12,0.0
621,Cameron Brannagan,Midfielder,341,0,0,0,0,0,3,0.0
622,Angel Gomes,Midfielder,341,0,0,0,0,0,4,0.0
623,Beni Baningime,Midfielder,341,0,0,0,0,0,8,0.0
624,Bernardo Espinosa,Defender,341,0,0,0,0,0,11,0.0
625,Björn Engels,Defender,341,1,0,0,0,1,17,0.0
626,Brahim Díaz,Forward,341,0,0,0,0,0,5,0.0
627,Brandon Pierrick,Forward,341,0,0,0,0,0,2,0.0
628,Branislav Ivanovic,Defender,341,2,0,0,0,2,33,0.0
629,Bruno,Defender,341,0,0,0,0,0,39,0.0
630,Bruno Ecuele Manga,Defender,341,0,0,0,0,0,38,0.0
631,Bruno Jordão,Midfielder,341,0,0,0,0,0,1,0.0
632,Bruno Martins Indi,Defender,341,1,0,0,1,0,52,0.0
633,Bryan Oviedo,Defender,341,0,0,0,0,0,14,0.0
634,Callum Connolly,Defender,341,0,0,0,0,0,1,0.0
635,Callum Slattery,Midfielder,341,0,0,0,0,0,3,0.0
636,Calum Chambers,Defender,341,1,0,1,0,0,14,0.0
637,Cameron Borthwick-Jackson,Defender,341,0,0,0,0,0,10,0.0
638,Ben Woodburn,Forward,341,0,0,0,0,0,5,0.0
639,Ben Wilmot,Defender,341,0,0,0,0,0,2,0.0
640,Ben Watson,Midfielder,341,0,0,0,0,0,8,0.0
641,Arnaut Danjuma Groeneveld,Forward,341,0,0,0,0,0,14,0.0
642,Angel Rangel,Defender,341,1,0,0,1,0,22,0.0
643,Angelo Ogbonna,Defender,341,1,0,0,0,1,44,0.0
644,Antonio Barragán,Defender,341,0,0,0,0,0,26,0.0
645,Antonio Barreca,Defender,341,0,0,0,0,0,1,0.0
646,Antonio Rüdiger,Defender,341,3,0,0,0,3,60,0.0
647,Armando Broja,Forward,341,0,0,0,0,0,1,0.0
648,Arthur Masuaku,Defender,341,0,0,0,0,0,53,0.0
649,Ben Mee,Defender,341,1,0,1,0,0,72,0.0
650,Ashley Williams,Defender,341,2,0,0,0,2,60,0.0
651,Ashley Young,Defender,341,5,0,5,0,0,102,0.0
652,Axel Tuanzebe,Defender,341,0,0,0,0,0,10,0.0
653,Aymeric Laporte,Defender,341,1,0,0,0,1,24,0.0
654,Bacary Sagna,Defender,341,0,0,0,0,0,28,0.0
655,Baily Cargill,Defender,341,0,0,0,0,0,1,0.0
656,Fousseni Diabaté,Forward,341,0,0,0,0,0,15,0.0
657,Freddie Ladapo,Forward,341,0,0,0,0,0,1,0.0
658,Marvin Zeegelaar,Defender,341,0,0,0,0,0,12,0.0
659,Juan Camilo Zuñiga,Defender,341,1,0,1,0,0,21,0.0
660,Julien Ngoy,Forward,341,0,0,0,0,0,6,0.0
661,Kayne Ramsay,Defender,341,0,0,0,0,0,1,0.0
662,Kelland Watts,Defender,341,0,0,0,0,0,1,0.0
663,Kevin Long,Defender,341,0,0,0,0,0,17,0.0
664,Kevin Mbabu,Defender,341,0,0,0,0,0,3,0.0
665,Kevin Nolan,Midfielder,341,0,0,0,0,0,2,0.0
666,Kevin Stewart,Midfielder,341,0,0,0,0,0,4,0.0
667,Kieran Dowell,Midfielder,341,0,0,0,0,0,2,0.0
668,Kieran Gibbs,Defender,341,1,0,0,1,0,26,0.0
669,Kieran Tierney,Defender,341,1,0,0,1,0,15,0.0
670,Kieran Trippier,Defender,341,1,0,1,0,0,63,0.0
671,Kieron Freeman,Defender,341,0,0,0,0,0,2,0.0
672,Kiko Femenía,Defender,341,1,0,1,0,0,23,0.0
673,Konstantinos Mavropanos,Defender,341,0,0,0,0,0,7,0.0
674,Kurt Zouma,Defender,341,4,0,0,0,4,126,0.0
675,Juanmi,Forward,341,0,0,0,0,0,12,0.0
676,João Teixeira,Midfielder,341,0,0,0,0,0,1,0.0
677,Gabriel Obertan,Midfielder,341,0,0,0,0,0,5,0.0
678,João Pedro,Forward,341,0,0,0,0,0,3,0.0
679,Jordan Rossiter,Midfielder,341,0,0,0,0,0,1,0.0
680,Jordi Amat,Defender,341,0,0,0,0,0,17,0.0
681,Jordon Mutch,Midfielder,341,0,0,0,0,0,20,0.0
682,Joseph Dodoo,Forward,341,0,0,0,0,0,1,0.0
683,Joseph Gomez,Defender,341,0,0,0,0,0,33,0.0
684,Josh Brownhill,Midfielder,341,0,0,0,0,0,10,0.0
685,Josh Cullen,Midfielder,341,0,0,0,0,0,1,0.0
686,Josh Martin,Midfielder,341,0,0,0,0,0,5,0.0
687,Josh Onomah,Midfielder,341,0,0,0,0,0,13,0.0
688,Aaron Cresswell,Defender,341,6,0,1,5,0,124,0.0
689,José Crespo,Defender,341,0,0,0,0,0,1,0.0
690,José Fonte,Defender,341,2,0,0,0,2,37,0.0
691,José Holebas,Defender,341,0,0,0,0,0,28,0.0
692,José Manuel Jurado,Midfielder,341,0,0,0,0,0,27,0.0
693,João Cancelo,Defender,341,0,0,0,0,0,17,0.0
694,Kyle Bartley,Defender,341,0,0,0,0,0,10,0.0
695,Kyle Naughton,Defender,341,1,0,1,0,0,31,0.0
696,Kyle Walker,Defender,341,3,0,2,1,0,128,0.0
697,Kyle Walker-Peters,Defender,341,0,0,0,0,0,13,0.0
698,Léo Bonatini,Forward,341,0,0,0,0,0,7,0.0
699,Mamadou Sakho,Defender,341,2,0,1,0,1,90,0.0
700,Marc Muniesa,Defender,341,1,0,0,1,0,10,0.0
701,Marcin Wasilewski,Defender,341,0,0,0,0,0,5,0.0
702,Marco Stiepermann,Midfielder,341,0,0,0,0,0,24,0.0
703,Marcos Alonso,Defender,341,12,0,1,9,2,80,0.0
704,Marcos Rojo,Defender,341,0,0,0,0,0,12,0.0
705,Mario Suárez,Midfielder,341,0,0,0,0,0,15,0.0
706,Marko Grujic,Midfielder,341,0,0,0,0,0,8,0.0
707,Markus Henriksen,Midfielder,341,0,0,0,0,0,15,0.0
708,Markus Suttner,Defender,341,0,0,0,0,0,14,0.0
709,Marouane Chamakh,Forward,341,0,0,0,0,0,10,0.0
710,Martin Kelly,Defender,341,0,0,0,0,0,42,0.0
711,Martin Olsson,Defender,341,2,0,0,2,0,51,0.0
712,Martín Cáceres,Defender,341,0,0,0,0,0,1,0.0
713,Lynden Gooch,Midfielder,341,0,0,0,0,0,11,0.0
714,Luke Shaw,Defender,341,1,0,0,1,0,80,0.0
715,Lukas Jutkiewicz,Forward,341,0,0,0,0,0,2,0.0
716,Leon Britton,Midfielder,341,0,0,0,0,0,41,0.0
717,Lasse Sørensen,Midfielder,341,0,0,0,0,0,1,0.0
718,Laurent Koscielny,Defender,341,2,0,1,0,1,25,0.0
719,Lee Cattermole,Midfielder,341,0,0,0,0,0,39,0.0
720,Lee Tomlin,Forward,341,0,0,0,0,0,6,0.0
721,Leighton Baines,Defender,341,2,0,0,2,0,46,0.0
722,Leon Balogun,Defender,341,1,0,1,0,0,8,0.0
723,Leon Osman,Midfielder,341,0,0,0,0,0,9,0.0
724,Luis Antonio Valencia,Defender,341,3,0,2,1,0,51,0.0
725,Lewis Cook,Midfielder,341,0,0,0,0,0,62,0.0
726,Lewis Dunk,Defender,341,3,0,1,0,2,74,0.0
727,Lewis Grabban,Forward,341,0,0,0,0,0,3,0.0
728,Lloyd Kelly,Defender,341,0,0,0,0,0,8,0.0
729,Lucas Digne,Defender,341,4,0,0,4,0,35,0.0
730,Lucas Leiva,Midfielder,341,0,0,0,0,0,24,0.0
731,Jordan Lyden,Midfielder,341,0,0,0,0,0,4,0.0
732,Jordan Amavi,Defender,341,0,0,0,0,0,10,0.0
733,Jonny Evans,Defender,341,6,0,1,0,5,121,0.0
734,Jake Vokins,Defender,341,0,0,0,0,0,1,0.0
735,Guillermo Varela,Defender,341,0,0,0,0,0,4,0.0
736,Harrison Reed,Midfielder,341,0,0,0,0,0,3,0.0
737,Harry Maguire,Defender,341,5,0,3,0,2,69,0.0
738,Henri Lansbury,Midfielder,341,0,0,0,0,0,10,0.0
739,Henri Saivet,Midfielder,341,1,0,1,0,0,1,0.0
740,Héctor Bellerín,Defender,341,2,0,1,1,0,88,0.0
741,Ibrahima Cissé,Midfielder,341,0,0,0,0,0,3,0.0
742,Ikechi Anya,Midfielder,341,0,0,0,0,0,29,0.0
743,Indiana Vassilev,Forward,341,0,0,0,0,0,4,0.0
744,Issa Diop,Defender,341,1,0,0,0,1,33,0.0
745,Ivo Pinto,Defender,341,0,0,0,0,0,10,0.0
746,Jack Simpson,Defender,341,0,0,0,0,0,11,0.0
747,Jack Stacey,Defender,341,0,0,0,0,0,19,0.0
748,Jack Wilshere,Midfielder,341,0,0,0,0,0,16,0.0
749,Jairo Riedewald,Midfielder,341,0,0,0,0,0,29,0.0
750,Greg Cunningham,Defender,341,0,0,0,0,0,7,0.0
751,Grant Hanley,Defender,341,0,0,0,0,0,15,0.0
752,Grady Diangana,Midfielder,341,0,0,0,0,0,17,0.0
753,Gaël Clichy,Defender,341,1,0,1,0,0,39,0.0
754,Gabriel Paulista,Defender,341,1,0,0,0,1,21,0.0
755,Gareth McAuley,Defender,341,6,0,2,0,4,36,0.0
756,Gary Cahill,Defender,341,8,0,4,1,3,114,0.0
757,Gary Hooper,Forward,341,0,0,0,0,0,2,0.0
758,Gary Madine,Forward,341,0,0,0,0,0,5,0.0
759,Gary O'Neil,Midfielder,341,0,0,0,0,0,27,0.0
760,Gaëtan Bong,Defender,341,0,0,0,0,0,51,0.0
761,Glenn Whelan,Midfielder,341,0,0,0,0,0,30,0.0
762,Gedson Fernandes,Midfielder,341,0,0,0,0,0,7,0.0
763,Geoff Cameron,Midfielder,341,0,0,0,0,0,49,0.0
764,George Friend,Defender,341,0,0,0,0,0,24,0.0
765,George Honeyman,Midfielder,341,0,0,0,0,0,6,0.0
766,Georges-Kévin Nkoudou,Midfielder,341,0,0,0,0,0,18,0.0
767,Giannelli Imbula,Midfielder,341,0,0,0,0,0,12,0.0
768,Jake Clarke-Salter,Defender,341,0,0,0,0,0,1,0.0
769,Jamaal Lascelles,Defender,341,3,0,0,0,3,42,0.0
770,Jonny,Defender,341,3,0,3,0,0,68,0.0
771,James Chester,Defender,341,0,0,0,0,0,13,0.0
772,Jetro Willems,Defender,341,2,0,2,0,0,19,0.0
773,Joe Bennett,Defender,341,0,0,0,0,0,30,0.0
774,Joe Bryan,Defender,341,0,0,0,0,0,28,0.0
775,Joe Ralls,Midfielder,341,0,0,0,0,0,28,0.0
776,Joel Matip,Defender,341,2,0,1,0,1,54,0.0
777,Joey Barton,Midfielder,341,1,0,1,0,0,14,0.0
778,John O'Shea,Defender,341,0,0,0,0,0,56,0.0
779,John Stones,Defender,341,0,0,0,0,0,61,0.0
780,John Terry,Defender,341,2,0,1,1,0,33,0.0
781,Joleon Lescott,Defender,341,1,0,0,1,0,32,0.0
782,Jon Flanagan,Defender,341,0,0,0,0,0,5,0.0
783,Jon Gorenc Stankovic,Defender,341,1,0,0,1,0,11,0.0
784,Jonathan Leko,Midfielder,341,0,0,0,0,0,14,0.0
785,Jonathan Williams,Midfielder,341,0,0,0,0,0,1,0.0
786,Jonjoe Kenny,Defender,341,0,0,0,0,0,12,0.0
787,Jesús Vallejo,Defender,341,0,0,0,0,0,2,0.0
788,Jesús Navas,Defender,341,0,0,0,0,0,58,0.0
789,Jerome Sinclair,Forward,341,0,0,0,0,0,9,0.0
790,Jamie Sterry,Defender,341,0,0,0,0,0,1,0.0
791,James Collins,Defender,341,0,0,0,0,0,19,0.0
792,James Garner,Midfielder,341,0,0,0,0,0,1,0.0
793,James Husband,Defender,341,0,0,0,0,0,1,0.0
794,James McCarthy,Midfielder,341,0,0,0,0,0,4,0.0
795,James Tarkowski,Defender,341,5,0,1,2,1,123,0.0
796,James Tomkins,Defender,341,7,0,3,2,2,95,0.0
797,Jan Bednarek,Defender,341,2,0,1,1,0,39,0.0
798,Jeremy Ngakia,Defender,341,0,0,0,0,0,5,0.0
799,Jan Vertonghen,Defender,341,2,0,0,0,2,107,0.0
800,Jannik Vestergaard,Defender,341,1,0,0,0,1,42,0.0
801,Japhet Tanganga,Defender,341,0,0,0,0,0,6,0.0
802,Javier Manquillo,Defender,341,1,0,1,0,0,59,0.0
803,Jay Fulton,Midfielder,341,0,0,0,0,0,13,0.0
804,Jefferson Montero,Midfielder,341,0,0,0,0,0,13,0.0
805,Éder,Forward,341,0,0,0,0,0,13,0.0
